,SMALL LoBM,ME1 BM2,SMALL HiBM,BIG LoBM,ME2 BM2,BIG HiBM
196307,  -0.9960,  -0.5976,  -1.1202,  -0.0411,   0.5459,  -1.8554
196308,   4.5361,   4.4852,   5.7786,   5.3890,   4.6233,   7.7374
196309,  -3.0338,  -0.5782,  -1.9949,  -1.0644,  -1.7019,  -1.8500
196310,   1.2001,   1.5438,   2.7144,   3.8445,   1.2355,   2.1333
196311,  -2.9288,  -1.2360,  -0.3615,  -0.2458,  -1.4530,   0.6863
196312,   0.2600,   0.2266,   0.1898,   2.0405,   3.0376,   2.0776
196401,   0.8461,   2.8067,   3.9545,   2.6865,   2.7291,   2.5345
196402,   1.5955,   2.1794,   4.1435,   1.4253,   1.6582,   4.4977
196403,   0.5705,   3.8882,   5.1951,   0.9246,   3.0113,   3.1099
196404,  -1.7606,  -0.4077,  -1.4626,   0.4194,   1.2053,  -1.2104
196405,   0.9717,   1.1988,   2.0641,   1.5106,   1.1688,   4.1377
196406,   1.3983,   1.5625,   1.9892,   1.6666,   1.3153,   2.3232
196407,   1.5138,   3.0530,   2.6263,   1.9299,   2.2271,   2.3212
196408,  -1.4974,  -0.2513,  -1.2129,  -1.2341,  -0.8465,  -1.3608
196409,   3.3709,   2.9293,   3.5648,   2.3822,   3.5233,   5.5787
196410,   1.1000,   1.3816,   2.3410,   0.2758,   1.9054,   1.3829
196411,  -0.1715,  -0.1820,   0.0818,   0.4912,   0.8554,  -3.6810
196412,   0.3628,  -0.9113,  -1.5316,   1.1149,  -0.1853,  -1.9539
196501,   7.0003,   5.6999,   6.6399,   3.9591,   2.7263,   4.5649
196502,   3.7212,   3.4466,   4.3507,   0.6010,   0.0932,   0.1864
196503,   0.8913,   0.7816,   1.5186,  -1.1241,  -1.6570,   0.3140
196504,   3.1183,   4.1951,   5.2843,   3.8016,   2.5301,   2.9536
196505,  -0.1126,  -0.7143,  -1.3166,  -0.2667,   0.0656,  -2.2744
196506,  -9.9226,  -8.8312,  -8.5618,  -4.5515,  -5.0079,  -4.7270
196507,   2.5334,   3.1165,   4.1342,   1.3395,   1.6413,   4.1297
196508,   6.6726,   4.9682,   5.0715,   2.9019,   2.7940,   2.5040
196509,   3.8881,   3.7892,   3.8147,   3.7823,   2.2100,   3.5859
196510,   5.9453,   5.4445,   6.3906,   2.8072,   1.9219,   5.4895
196511,   4.0876,   4.8265,   4.6800,  -0.0039,  -0.1558,  -0.2972
196512,   3.8682,   3.4241,   4.7121,   0.8420,   0.9032,   4.0673
196601,   4.2813,   5.5743,   6.9633,  -0.1714,   1.1897,   4.2690
196602,   3.6803,   3.0931,   3.3582,  -1.6233,  -0.8088,  -0.6484
196603,  -0.4175,  -2.9079,  -1.9266,  -1.5547,  -2.6594,  -4.0093
196604,   5.6851,   4.7141,   5.6828,   2.4590,   1.7939,   1.5507
196605,  -9.9429,  -9.8608, -10.3674,  -4.2114,  -5.0991,  -7.0464
196606,   0.8269,   0.0840,  -0.0157,  -1.9931,  -0.0617,  -0.1531
196607,  -2.1391,  -1.6520,  -0.7200,  -1.6477,  -0.6083,  -1.1721
196608, -11.1093,  -9.8236, -10.4844,  -7.6265,  -6.5819,  -7.3849
196609,  -2.0728,  -0.9029,  -1.4406,  -0.9883,   0.1943,  -0.5054
196610,  -3.6037,  -0.1990,  -0.1041,   3.3124,   7.1477,   5.1947
196611,   7.7252,   4.5966,   2.6090,   3.7009,  -0.9212,  -0.5612
196612,   3.3601,   2.6479,   0.7822,  -0.3564,   1.4120,  -0.1645
196701,  17.8461,  16.3463,  17.6522,   7.8965,   6.3459,  12.6306
196702,   4.7050,   2.9872,   3.1331,   1.9857,  -0.3080,  -0.8887
196703,   5.9768,   6.5212,   5.5722,   4.3075,   3.6503,   5.4610
196704,   5.5597,   3.8351,   3.4647,   6.0010,   1.8326,   3.1401
196705,  -1.7300,  -1.1506,  -2.2992,  -4.9525,  -3.7329,  -2.1994
196706,   9.6490,   7.9899,   8.2267,   1.4707,   2.0093,   4.5906
196707,   7.0273,   7.6199,  10.2558,   4.9185,   3.4805,   7.1492
196708,  -0.3555,   0.8316,   0.4821,  -0.7586,  -0.8419,   1.2900
196709,   6.8718,   5.3425,   4.5936,   3.7985,   2.7295,   1.0866
196710,  -0.8656,  -2.1788,  -3.4492,  -1.5154,  -3.8102,  -5.5375
196711,   1.2999,   1.4032,  -0.8663,   1.0867,   0.2656,  -0.1409
196712,  11.0819,   7.4889,   8.1061,   2.1451,   3.2891,   4.0608
196801,  -1.4050,   0.8056,   3.4917,  -6.1510,  -1.2659,  -1.4448
196802,  -7.4998,  -5.1240,  -4.9376,  -3.3073,  -2.1089,  -3.3115
196803,  -0.7159,  -1.2066,  -0.4988,   1.8364,  -0.6852,   0.4382
196804,  17.2535,  14.2241,  13.2204,  10.2455,   5.3802,  12.0217
196805,   9.6046,   8.3672,   8.8094,   2.4723,   0.1433,   4.9767
196806,  -0.2087,   1.3677,   1.5647,  -0.0179,   3.6400,  -0.3301
196807,  -5.6047,  -2.5506,   0.2387,  -4.5169,   0.2548,   0.4228
196808,   3.9146,   3.4986,   4.6678,   1.1224,   1.5413,   2.3848
196809,   7.4185,   6.8793,   6.5425,   3.3287,   4.3124,   4.8116
196810,  -0.5614,   2.0817,   1.3332,  -0.6203,   1.7254,   3.1968
196811,   8.5717,   8.2183,   6.7563,   5.5073,   5.5496,   5.4733
196812,   0.3302,  -0.5776,  -1.0953,  -4.8652,  -3.1448,  -3.4555
196901,  -1.8141,  -1.0378,  -0.7065,  -1.8167,   0.0853,   0.4064
196902, -10.3301,  -8.1994,  -7.4858,  -3.9520,  -5.3098,  -4.9845
196903,   3.1033,   2.1162,   3.1831,   3.8919,   2.6001,   2.7972
196904,   0.8350,   1.9561,   1.1374,   3.2394,   0.3983,   2.8740
196905,  -0.2338,   0.9574,   0.0718,  -0.1839,   0.7024,   0.9152
196906, -12.2122, -11.2579, -10.9413,  -3.4067,  -8.0495,  -6.8470
196907, -11.1679,  -9.4675,  -7.4247,  -4.7347,  -7.5210,  -6.0828
196908,   7.3305,   5.3320,   3.8237,   6.7198,   4.3419,   2.6459
196909,  -0.4689,  -2.1252,  -2.8037,  -0.5804,  -3.5785,  -4.7781
196910,  10.9353,   8.1921,   7.2155,   6.3133,   4.5667,   3.7212
196911,  -5.4549,  -5.2836,  -6.3987,  -2.0767,  -3.8218,  -3.5055
196912,  -5.1118,  -5.7933,  -6.3757,   0.0964,  -1.8865,  -4.3616
197001,  -6.0263,  -5.2292,  -2.2378,  -8.0937,  -8.5591,  -5.6240
197002,   2.5541,   3.3181,   6.1774,   3.8115,   7.9290,   8.0565
197003,  -5.0571,  -1.1482,   0.0746,  -1.7482,   1.4789,   1.0942
197004, -20.5958, -14.1624, -11.2213, -10.5147,  -9.4970,  -7.5195
197005, -11.1090, -10.7779,  -8.0596,  -7.8109,  -4.1594,  -4.2061
197006,  -8.6821,  -7.2620,  -6.0213,  -5.4642,  -3.1802,  -6.9337
197007,   7.6004,   6.9839,   6.7160,   5.2034,   9.7129,   7.8949
197008,   6.1240,   7.0949,   6.6583,   4.1249,   5.3121,   5.8857
197009,  17.0959,  10.5850,   9.4860,   7.2010,   0.3237,   3.8662
197010,  -6.7082,  -7.0111,  -4.0544,  -0.6637,  -1.6213,  -2.8685
197011,   0.5113,   2.1444,   2.6207,   5.0930,   5.6490,   6.3668
197012,   7.7683,   9.6452,   9.3216,   5.3845,   6.7480,   5.8366
197101,  10.4614,  12.8709,  12.5174,   4.6644,   3.8389,   5.2684
197102,   4.5227,   3.4264,   2.3794,   2.3764,   0.3195,   2.0632
197103,   8.9358,   5.0692,   4.8168,   5.8231,   3.0881,   2.0489
197104,   3.0747,   3.8399,   3.2397,   3.9165,   2.5978,   5.1225
197105,  -4.0241,  -5.5246,  -5.1010,  -2.7531,  -4.2248,  -4.5471
197106,   0.2361,  -1.5114,  -2.2472,   1.1456,  -0.1511,  -0.1057
197107,  -6.6487,  -4.4324,  -5.8546,  -4.1200,  -3.5146,  -4.8713
197108,   4.3212,   3.8282,   6.5584,   5.4943,   1.2035,   8.5176
197109,   0.9006,  -0.7424,  -2.0224,   0.3621,  -1.2186,  -2.5391
197110,  -5.9435,  -4.4257,  -6.5569,  -3.9030,  -3.5016,  -4.2427
197111,  -2.9587,  -2.2901,  -4.0116,   0.8546,  -0.3557,  -1.4552
197112,  13.4551,  11.2092,  12.1094,   8.9589,   8.4368,   9.5107
197201,   8.4904,   6.8089,  10.4402,   2.6593,   0.3564,   5.1822
197202,   4.6709,   3.1350,   2.6495,   4.5391,   1.0451,   0.9714
197203,   1.5779,  -0.1184,  -0.3992,   2.1897,  -1.3698,   0.9517
197204,   0.5700,   1.2497,   0.5068,   0.7895,   0.1041,   1.0984
197205,  -1.7869,  -1.3544,  -2.6628,   2.9429,   0.8957,  -1.5729
197206,  -3.4413,  -2.7869,  -3.1362,  -1.0690,  -2.7726,  -6.3332
197207,  -5.0804,  -3.2228,  -2.0216,   0.5997,  -1.1781,  -1.1332
197208,  -0.7688,   1.9638,   2.5455,   1.4867,   7.0849,   7.2568
197209,  -3.3998,  -2.7074,  -3.1707,  -0.4838,  -1.0641,   0.2109
197210,  -2.5724,  -0.1689,  -1.0162,   0.5178,   2.2687,   1.6455
197211,   3.3834,   5.8513,   6.3656,   2.9687,   6.5446,   9.6877
197212,  -1.1684,  -1.0814,  -2.3004,   2.6574,  -0.7657,  -0.5868
197301,  -7.8787,  -5.1440,  -3.6856,  -2.6064,  -2.1978,  -1.4416
197302, -10.9375,  -7.6768,  -5.8766,  -3.0484,  -4.9269,  -4.9156
197303,  -3.9900,  -2.7003,  -1.2382,  -1.2331,   0.5039,   1.2628
197304, -11.1364,  -5.4142,  -4.9955,  -6.0701,  -2.5391,  -1.3817
197305, -10.6173,  -7.2074,  -7.3584,  -0.8841,  -2.0746,  -3.3242
197306,  -5.0790,  -2.9131,  -2.6949,  -0.8934,  -0.3405,  -0.8809
197307,  18.2569,  10.2456,   9.0944,   6.4208,   2.2954,   4.9684
197308,  -3.8969,  -5.2957,  -4.0378,  -3.2396,  -2.9881,  -0.6193
197309,  10.9147,   9.7333,   8.5459,   2.2473,   9.2030,   8.6341
197310,  -2.3992,   0.1687,   0.8485,  -0.1351,  -0.3819,   0.4996
197311, -22.6489, -17.8025, -16.2280, -12.4865, -10.0091, -11.1645
197312,  -2.3418,  -2.2632,  -1.4183,  -1.1773,   5.5957,   5.5955
197401,   7.5298,  10.2162,  13.8461,  -1.0406,  -1.0939,   4.6894
197402,   0.0167,   0.4363,   1.8631,  -1.0556,   1.1882,   2.7251
197403,  -0.3690,  -0.6212,   0.4842,  -1.7118,  -3.3888,  -3.2064
197404,  -6.2809,  -5.9095,  -3.6342,  -3.4024,  -5.8554,  -4.3396
197405,  -7.0049,  -8.0270,  -6.8701,  -1.8453,  -5.1526,  -6.0298
197406,  -3.2122,  -2.6068,  -1.1188,  -2.0779,  -1.7287,  -2.6309
197407,  -6.7549,  -4.2413,  -2.9998,  -9.3475,  -4.4050,  -2.7774
197408,  -9.6682,  -7.9890,  -7.3539, -10.0804,  -5.6251,  -7.1175
197409, -11.8584,  -7.0475,  -7.3086, -13.7822,  -6.0879,  -7.1654
197410,  14.4237,   7.5768,   8.0211,  21.2435,  11.2443,   7.8997
197411,  -5.1519,  -4.3378,  -5.5397,  -3.9602,  -3.4500,  -3.9793
197412,  -7.2362,  -5.5575,  -7.6673,  -3.2920,  -0.0288,  -2.6375
197501,  24.8048,  26.7424,  30.6945,  10.6122,  16.9335,  21.2771
197502,   6.6106,   3.1851,   3.7820,   8.1765,   2.7866,   2.1213
197503,   7.8014,   6.8907,   8.3282,   2.9335,   1.5737,   7.1633
197504,   6.4775,   3.1905,   3.1197,   5.7650,   2.1356,   6.8476
197505,  10.3329,   6.7922,   6.8819,   5.6927,   5.8711,   0.9427
197506,   7.0232,   7.4295,   6.4150,   4.2499,   6.3959,   7.6177
197507,  -2.9921,  -2.3783,  -2.5589,  -7.4851,  -4.0020,  -4.5331
197508,  -4.6391,  -4.2661,  -6.7043,  -2.1928,  -1.6518,  -2.0229
197509,  -4.0116,  -3.4173,  -3.4014,  -3.9917,  -2.7235,  -3.8172
197510,   1.3529,   3.5009,   1.9430,   6.5434,   5.8190,   6.5220
197511,   1.2210,   2.3795,   3.8098,   2.9993,   3.5505,   4.4750
197512,  -1.4989,  -0.3889,  -0.8743,  -1.7778,   0.3702,   0.9831
197601,  14.9242,  18.4667,  24.7673,  10.8840,  14.5428,  18.2942
197602,   6.6580,   7.2422,  12.4205,  -1.3254,   1.8115,   4.6546
197603,   1.3330,   1.4410,   1.8617,   2.9741,   2.9470,   2.2018
197604,  -1.0072,  -0.9816,  -1.3187,  -1.6210,   0.2753,  -1.6344
197605,  -0.8109,  -2.0504,  -3.6025,  -0.6358,  -1.5722,  -0.5715
197606,   3.9466,   3.7179,   3.8136,   4.3724,   5.1344,   5.9218
197607,  -1.1302,   0.6951,   0.7167,  -1.2322,   0.2503,   0.3881
197608,  -3.4817,  -1.3181,  -1.3246,  -0.3685,   1.1663,  -0.9139
197609,   3.5291,   2.4595,   2.2499,   2.2060,   3.2014,   2.8993
197610,  -2.6845,  -1.4952,  -2.0667,  -2.3694,  -1.1884,  -3.3552
197611,   3.6512,   3.1829,   3.9432,  -0.6832,   2.4594,   2.0466
197612,   9.6061,   9.4905,  10.1071,   4.7254,   6.6160,   8.7706
197701,   0.7210,   2.2504,   3.0991,  -6.3823,  -1.6145,  -0.2155
197702,  -1.0278,  -1.1012,   0.0031,  -1.8193,  -1.5114,  -1.9180
197703,   0.2648,   0.6752,   0.2314,  -1.7071,  -0.6237,   0.4974
197704,   1.1440,   1.2642,   2.4533,  -1.1247,   2.0353,   4.3186
197705,  -0.7265,   0.0597,   0.6382,  -1.9168,  -0.0710,  -1.5795
197706,   7.4918,   6.2148,   6.8343,   5.6656,   3.7481,   4.8443
197707,   0.0847,   0.0819,   0.5665,  -1.5588,  -1.0330,  -3.1550
197708,   0.6910,  -0.8612,  -1.5152,   0.2495,  -3.4331,  -2.9398
197709,   1.6105,   1.4854,   0.5531,  -0.7059,   1.0380,  -0.6902
197710,  -3.8335,  -2.2279,  -1.5761,  -4.4278,  -3.7881,  -3.1847
197711,   8.3539,   7.4641,   8.1150,   4.0768,   3.8351,   4.8404
197712,   3.1208,   1.4360,   1.5802,   0.1735,   0.8685,   1.1438
197801,  -4.6778,  -2.8798,  -1.1427,  -6.4466,  -5.6977,  -3.2682
197802,   1.6302,   2.5679,   2.4814,  -2.6288,   0.3508,  -1.8122
197803,   6.4492,   6.6431,   7.1277,   2.2355,   3.6135,   3.9137
197804,   9.9575,   7.5947,   7.2061,  11.0834,   5.5570,   6.7563
197805,   7.0761,   5.8074,   5.8959,   1.9154,   1.1175,   2.0615
197806,  -0.9738,   1.1110,   0.3601,  -1.3715,  -1.5437,  -1.5694
197807,   7.0202,   4.9532,   5.7853,   6.9962,   4.1397,   5.9214
197808,   8.2359,   8.2832,   8.7076,   3.5456,   4.4412,   2.0514
197809,  -1.8909,  -0.4368,  -0.6268,  -2.5719,   0.9730,  -0.0583
197810, -23.1152, -18.3500, -18.6611,  -9.8736,  -9.1170, -11.5666
197811,   8.8022,   4.8809,   4.3691,   2.8781,   3.2460,   3.0173
197812,   3.0807,   1.9491,   1.9966,   2.7949,   0.7342,  -0.3788
197901,   8.5569,   7.9100,   9.6098,   3.4154,   5.0718,   6.7362
197902,  -3.4551,  -2.2450,  -1.9317,  -3.6978,  -2.4034,  -2.8845
197903,  11.7090,   8.5220,   8.5269,   5.7619,   5.6959,   7.5245
197904,   1.6374,   2.8828,   3.3396,   0.1217,   0.6187,   0.6573
197905,  -2.6133,  -0.7133,  -0.4841,  -1.8140,  -1.2943,  -1.3239
197906,   5.7373,   5.9665,   6.0916,   3.1127,   5.5269,   5.6467
197907,   1.9209,   4.0163,   3.2380,   0.5951,   1.7378,   2.9998
197908,   9.0414,   7.4290,   7.3498,   6.8305,   5.4674,   5.3664
197909,   0.8031,  -1.0961,  -1.0925,  -0.8271,   0.9897,  -0.7272
197910,  -9.2505, -10.5658, -11.4064,  -6.7367,  -6.1019,  -8.2708
197911,  10.9906,   6.9676,   6.8114,   6.4630,   5.6336,   4.0643
197912,   8.2142,   5.1700,   5.1402,   3.0248,   1.1064,   1.8921
198001,   7.9452,   7.6548,   8.5051,   4.9399,   6.4312,   7.8701
198002,  -0.3848,  -2.9527,  -2.6726,  -3.0630,   2.1593,   0.4450
198003, -19.3301, -16.0471, -17.3817,  -9.0773, -10.7170, -13.0360
198004,   6.2330,   6.4439,   5.9533,   3.7499,   5.5976,   6.1397
198005,   8.0731,   7.9050,   8.0871,   5.7433,   5.4544,   6.4795
198006,   5.2048,   4.4065,   4.3282,   3.0507,   3.4963,   2.4152
198007,  13.2854,   9.5220,   7.0754,   9.3746,   5.3154,   2.7700
198008,   8.4868,   4.8835,   3.6359,   2.1162,   1.3643,   1.7611
198009,   5.2475,   2.9382,   1.0864,   4.0427,   3.2641,  -0.9699
198010,   5.8507,   2.3173,   3.0667,   1.8142,   2.9265,  -0.9246
198011,  12.6739,   4.3981,   2.6728,  11.5462,  13.3847,   4.8858
198012,  -5.3599,  -1.7816,  -1.2148,  -2.1695,  -4.6795,  -0.7354
198101,  -3.7690,   0.7707,   2.1140,  -5.9060,  -5.3719,   1.6425
198102,  -0.7145,   2.3287,   2.7761,   2.7916,   1.2764,   1.3483
198103,   7.6888,   7.9732,   7.6879,   3.9242,   3.6089,   5.2103
198104,   2.5198,   3.5780,   3.8073,  -2.2007,  -2.1678,   1.0691
198105,   4.9505,   2.9137,   1.6988,   0.8188,  -0.4910,   3.2259
198106,  -5.7292,   0.7184,   1.4230,  -3.1640,   2.1176,  -0.0550
198107,  -2.9082,  -2.4291,  -1.5787,   1.2905,  -0.6100,  -1.0370
198108,  -9.8846,  -6.0119,  -4.7176,  -6.8246,  -5.4665,  -2.4762
198109, -10.2062,  -6.5999,  -4.9371,  -6.4300,  -6.0109,  -1.3539
198110,  10.6086,   6.6738,   5.8372,   8.0684,   3.9254,   4.4261
198111,   0.8531,   4.9633,   4.5630,   4.2079,   5.0910,   4.1649
198112,  -2.4036,  -0.8694,  -1.4615,  -3.1337,  -2.7394,  -2.4558
198201,  -4.8632,  -3.3260,  -0.8535,  -1.9213,  -3.7209,   0.4466
198202,  -7.4167,  -3.1474,  -0.7327,  -7.3158,  -3.4111,  -1.8960
198203,  -2.2742,  -0.4510,   1.5073,  -1.9474,  -0.5311,   1.8964
198204,   6.3584,   5.7347,   4.1462,   5.7382,   3.5294,   2.5601
198205,  -3.4446,  -2.3238,  -0.9464,  -3.4853,  -2.3037,  -2.4807
198206,  -3.5859,  -1.6384,  -1.3412,  -2.5237,  -1.1250,  -1.7167
198207,  -2.2867,  -0.6248,  -1.0541,  -0.6341,  -4.1228,  -1.6917
198208,   8.1860,   8.9050,   8.0868,  11.3557,  12.8785,  13.3486
198209,   2.7648,   4.7373,   5.2828,   1.9731,   1.9506,   0.0139
198210,  15.8771,  13.1747,  11.6901,  12.8302,  11.2070,   9.6909
198211,   9.8053,   8.5255,   9.2090,   7.1064,   2.4494,   3.9592
198212,   1.2810,   1.1297,   0.7614,   1.1325,   1.1039,   1.6070
198301,   9.5976,   5.5675,   4.9439,   2.7343,   3.2803,   5.8897
198302,   4.3293,   6.6137,   7.1598,   3.6533,   2.4065,   2.2234
198303,   2.5762,   6.4123,   6.1273,   2.5155,   4.4170,   3.0031
198304,   7.9818,   7.8369,   7.5278,   5.6970,   9.0128,   7.1267
198305,   7.9931,   5.4306,   5.1013,  -0.1600,   0.0474,  -0.0677
198306,   5.7463,   4.3136,   2.4488,   5.2835,   3.6074,   0.7795
198307,  -5.8404,   0.0074,   1.3222,  -5.2005,  -2.6970,  -1.1218
198308,  -4.7929,  -2.8201,  -0.3019,  -1.3140,   0.9511,   5.2747
198309,   0.2023,   2.5052,   3.9526,   2.5230,   1.5132,   0.7975
198310,  -8.9359,  -4.3566,  -2.2239,  -3.5906,  -0.8627,  -0.3673
198311,   4.7353,   4.2741,   4.3171,   2.9241,   2.4554,   1.9075
198312,  -3.1882,  -0.4239,   0.2055,  -0.7589,  -1.1349,  -0.6913
198401,  -4.1567,  -0.2290,   2.0888,  -5.3302,   0.5847,   3.5896
198402,  -6.9650,  -5.0064,  -3.5449,  -4.7770,  -4.1422,  -1.5333
198403,   0.1461,   1.4441,   2.2646,   1.6286,   1.5890,   0.4238
198404,  -1.1081,   0.0142,  -0.0244,   0.3973,   0.2327,   1.7183
198405,  -5.9648,  -4.8335,  -4.2850,  -4.8224,  -4.5671,  -5.8762
198406,   4.5857,   2.1225,   1.0123,   4.4134,   1.5413,   2.6706
198407,  -5.4642,  -2.9661,  -3.3285,  -0.9786,  -1.7684,  -2.3933
198408,  13.4864,  10.2552,   9.4739,  11.1317,  11.2996,  11.5043
198409,  -2.7498,   1.4030,   2.2213,  -2.3711,  -0.4706,   3.2127
198410,  -2.2199,  -0.2925,  -0.0773,   0.7342,   0.8787,  -0.5118
198411,  -4.4941,  -0.3537,   0.3942,  -2.2380,  -1.2801,   1.0015
198412,   2.1513,   1.6676,   2.0950,   2.6830,   2.6883,   2.2125
198501,  15.0004,  10.0044,   8.8293,  10.1430,   8.1302,   5.6178
198502,   2.9567,   2.8308,   1.7902,   1.2977,   1.6431,   2.2635
198503,  -3.2404,  -1.1527,   1.3822,  -1.3177,  -0.6621,   2.2078
198504,  -2.0441,   0.1227,   1.6812,  -1.7834,  -0.8184,   1.9360
198505,   4.2871,   4.0679,   3.3406,   6.1397,   7.0411,   5.1677
198506,   1.5306,   2.5551,   2.2948,   1.4638,   1.9081,   1.4631
198507,   2.7130,   2.4715,   1.1537,   0.2217,  -0.9461,  -1.4620
198508,  -2.0215,   0.0854,   0.2922,  -1.4907,  -0.0969,   0.8297
198509,  -7.2192,  -4.3580,  -4.1420,  -3.8632,  -2.7279,  -4.3669
198510,   3.2872,   3.7407,   3.3782,   4.0949,   5.3420,   5.5001
198511,   7.7856,   7.0462,   6.3634,   9.0429,   6.6351,   4.7599
198512,   4.8833,   4.2109,   3.1658,   5.7737,   3.6032,   4.4138
198601,   2.3768,   1.5146,   2.5401,   0.8049,   0.4672,   1.5308
198602,   7.2854,   7.3213,   6.9587,   8.0072,   8.2751,   6.8955
198603,   4.1459,   5.2527,   5.2443,   6.2550,   5.7855,   4.3668
198604,   2.2826,   1.0519,   0.4498,   0.5808,  -1.8171,  -3.3166
198605,   3.3482,   5.3710,   3.2911,   5.4491,   5.5183,   5.0823
198606,  -0.0369,   0.9053,   1.8141,   1.8578,   1.1262,   2.5744
198607, -10.5776,  -8.7108,  -5.7929,  -7.2455,  -5.1365,  -2.6320
198608,   2.2430,   3.5642,   4.4262,   4.6183,   8.6552,   9.4572
198609,  -8.1714,  -4.7631,  -4.6913, -10.1810,  -7.3139,  -7.2174
198610,   4.3978,   2.8904,   1.7426,   5.6860,   5.3335,   5.5064
198611,   0.0342,  -0.6002,   0.5165,   2.1265,   2.0508,   1.5010
198612,  -3.0719,  -3.0289,  -1.8485,  -2.3810,  -3.0977,  -2.8754
198701,  12.6452,  10.9877,   9.2413,  13.9515,  13.3172,  11.0334
198702,   9.5106,   6.8593,   5.0940,   7.4353,   3.5305,   0.0263
198703,   1.3769,   2.8899,   3.6630,   1.6836,   2.2760,   2.6132
198704,  -2.6291,  -3.0404,  -3.6852,  -1.7917,  -0.9840,  -1.5187
198705,  -0.3112,  -0.1412,   0.8036,   1.3297,  -0.1646,   0.6845
198706,   1.5427,   3.2447,   3.6080,   4.6957,   5.3585,   4.7076
198707,   2.1631,   3.2665,   5.2885,   5.5219,   3.4924,   3.7601
198708,   2.8527,   3.7500,   3.0306,   4.7692,   4.4239,   2.7356
198709,  -2.5508,  -1.2682,  -1.3923,  -1.9644,  -2.2825,  -2.5734
198710, -32.4829, -27.8915, -27.8467, -23.2158, -20.3223, -19.3800
198711,  -6.6107,  -3.9087,  -3.6438,  -8.7104,  -7.8394,  -5.7749
198712,   9.2665,   6.9678,   4.6334,   9.1347,   6.4396,   4.9150
198801,   2.2141,   4.8636,   6.3098,   2.0283,   5.5680,   7.9624
198802,   8.5114,   7.9694,   7.0921,   5.4343,   4.6765,   3.4372
198803,   3.6385,   3.9892,   3.2186,  -3.1280,  -3.2442,  -1.2442
198804,   1.4367,   1.9438,   2.5857,  -0.6415,   2.0661,   1.5495
198805,  -3.0097,  -1.7772,  -0.2763,   0.0176,   0.6058,   2.1245
198806,   7.8072,   6.8012,   6.2787,   4.9039,   5.7022,   3.9622
198807,  -2.3125,  -0.3328,   0.2536,  -1.6413,  -0.2281,   0.2409
198808,  -4.1306,  -1.7398,  -1.4085,  -2.9658,  -3.0546,  -1.3904
198809,   2.6306,   3.0843,   2.5837,   5.1030,   3.4937,   3.6418
198810,  -2.0141,  -0.1446,   0.6314,   1.5735,   2.6636,   3.0263
198811,  -3.8315,  -2.6187,  -2.5909,  -1.9520,  -1.5482,  -0.3700
198812,   4.1019,   4.0291,   2.8736,   2.9015,   1.5045,   0.7467
198901,   4.2075,   4.4080,   5.3710,   7.0241,   6.5824,   7.0682
198902,   0.4871,   0.8628,   1.3553,  -2.4817,  -1.9259,  -1.3377
198903,   2.4678,   2.8726,   3.4757,   2.4731,   1.7194,   2.6210
198904,   4.6182,   4.4569,   3.8119,   6.1177,   4.7227,   4.0840
198905,   4.7052,   3.6809,   3.7753,   4.8216,   3.5000,   3.9835
198906,  -3.1788,  -0.7575,  -0.0680,  -0.9504,  -0.4147,   0.4305
198907,   4.2672,   4.1449,   3.3676,  10.8754,   7.1331,   6.2049
198908,   2.7883,   2.7404,   2.6094,   1.0698,   2.9529,   2.4445
198909,   1.4310,  -0.0028,  -0.7574,   0.4919,  -0.9288,   0.1494
198910,  -5.0461,  -5.7394,  -6.3635,  -1.3426,  -3.8669,  -2.2476
198911,   0.7437,   0.7299,  -0.1227,   2.3285,   1.7137,   1.0186
198912,   0.2150,  -0.4629,  -0.2315,   1.6916,   2.4455,   2.4613
199001,  -9.2469,  -7.7747,  -7.8832,  -7.6131,  -6.2948,  -7.2709
199002,   3.1973,   2.7071,   2.2005,   0.3535,   2.1549,   2.6296
199003,   4.2970,   3.9188,   2.2333,   4.1381,   1.4489,   0.3616
199004,  -2.7212,  -3.1601,  -4.3624,  -0.9445,  -3.4355,  -4.4877
199005,   8.4807,   6.6357,   4.2531,  10.8350,   8.7192,   7.3981
199006,   1.0426,   0.4492,   0.0000,   1.2711,  -2.4407,  -1.5455
199007,  -4.5341,  -3.5288,  -4.3317,  -1.3989,   0.0264,  -1.6679
199008, -14.7389, -12.3678, -11.2747,  -9.7878,  -7.9240,  -9.9623
199009, -10.1778,  -8.3873,  -8.3197,  -5.7974,  -3.7592,  -6.3670
199010,  -5.9630,  -5.5088,  -6.0758,   0.4607,  -2.0753,   0.7665
199011,   8.9656,   6.6825,   5.0044,   7.3860,   6.8418,   5.1477
199012,   4.2266,   3.6738,   2.6959,   3.7847,   2.4811,   1.9115
199101,   9.3095,   8.3042,   7.9073,   6.3134,   3.2538,   4.5144
199102,  11.6821,  10.3372,  11.3068,   7.8957,   6.4618,   7.1044
199103,   7.8039,   5.3003,   6.5350,   4.1447,   1.0879,   2.6313
199104,  -0.7145,   1.3843,   1.6752,  -0.2734,   0.8382,   0.3398
199105,   4.3206,   4.7760,   2.6841,   4.7155,   2.9460,   5.3121
199106,  -5.2543,  -3.1980,  -4.1184,  -4.8868,  -4.3465,  -3.7232
199107,   4.3325,   3.3879,   3.0346,   5.4110,   4.0532,   4.0615
199108,   4.4509,   3.0063,   4.3470,   3.3482,   1.8036,   1.9010
199109,   1.3208,   0.5768,  -1.0642,  -2.2033,   0.0753,  -1.9731
199110,   3.0458,   2.5907,   1.7781,   1.5117,   1.6334,   1.8307
199111,  -4.8677,  -3.6850,  -5.5897,  -2.4929,  -4.6013,  -5.5511
199112,  10.3864,   6.7452,   7.4219,  14.4732,   7.7200,   9.0896
199201,   7.4406,   7.4819,  10.6783,  -2.2734,  -1.4126,   3.9161
199202,   0.7335,   2.7555,   7.1315,   0.3247,   0.8210,   6.8765
199203,  -6.2280,  -1.2417,  -0.7799,  -2.7662,  -1.2534,  -1.1011
199204,  -5.4951,  -2.4825,  -0.9198,   0.1232,   4.9427,   4.2205
199205,  -0.7331,   1.0235,   2.3897,   0.8799,   0.4489,   0.1317
199206,  -6.1368,  -3.2396,  -2.7810,  -2.4792,  -1.0995,   0.6397
199207,   2.7042,   3.3135,   3.7109,   4.3501,   4.5781,   2.2174
199208,  -4.2863,  -1.4715,  -2.7548,  -1.1177,  -2.1613,  -4.8580
199209,   1.4260,   2.4973,   1.3745,   1.6170,   0.9125,   1.1576
199210,   4.4956,   2.4107,   1.9164,   2.3858,  -0.8402,   1.0083
199211,   9.5730,   6.5506,   6.8812,   4.5935,   2.5447,   4.5942
199212,   2.6060,   3.6104,   5.0863,   0.7039,   2.0763,   3.4616
199301,   1.1246,   4.1558,   6.3608,  -1.1051,   1.5576,   5.5310
199302,  -6.4782,  -0.0652,   0.9461,  -2.3187,   4.0739,   3.0909
199303,   2.0745,   2.8251,   3.4111,   1.7540,   3.0636,   2.7855
199304,  -3.7479,  -2.4871,  -2.7049,  -5.0586,  -0.7399,  -1.1277
199305,   6.6181,   3.4308,   3.1393,   4.0372,   2.3510,   0.6694
199306,   0.5431,   0.6606,   1.4876,  -1.0757,   1.1626,   3.4698
199307,  -0.4052,   1.6046,   2.1185,  -1.9939,   1.2726,   1.1740
199308,   3.7756,   4.7705,   3.4149,   3.4854,   3.9838,   4.1084
199309,   3.3150,   2.3534,   2.4602,  -0.9259,   0.6327,  -0.6880
199310,   3.9698,   1.6410,   2.7022,   3.2825,  -0.0765,  -0.9683
199311,  -3.1616,  -2.8552,  -2.4434,   0.0620,  -2.6259,  -2.1447
199312,   2.7277,   3.9524,   2.5671,   1.4219,   1.9158,   2.2282
199401,   1.8803,   2.9469,   4.8889,   2.4154,   4.5770,   1.6973
199402,  -0.9196,   0.9023,  -1.0985,  -1.7641,  -3.0804,  -4.6720
199403,  -6.2311,  -4.7222,  -4.3361,  -4.6933,  -3.9696,  -3.3803
199404,  -0.8882,   0.7042,   1.4197,   0.6158,   1.7767,   1.6366
199405,  -2.7048,  -1.0815,   0.1619,   1.4041,   1.5369,  -0.1128
199406,  -4.7152,  -2.3809,  -1.8241,  -3.1128,  -1.8992,  -2.6651
199407,   1.6163,   1.1342,   2.1612,   2.8841,   3.9601,   3.5012
199408,   7.3985,   4.8445,   3.9547,   5.2259,   2.9839,   3.6475
199409,   0.6014,  -0.2346,  -0.0209,  -1.4291,  -3.0779,  -4.5775
199410,   0.4398,  -0.0500,  -1.5464,   2.0112,   2.7875,   0.7504
199411,  -3.9575,  -3.2047,  -3.6845,  -3.2106,  -3.5149,  -4.8823
199412,   0.8135,   1.5798,   1.5471,   1.5264,   1.2370,   0.5245
199501,  -1.0872,  -0.3093,   0.8998,   2.1940,   2.4590,   5.3437
199502,   3.5045,   3.3654,   4.2537,   3.8868,   3.9271,   5.2961
199503,   2.9035,   1.7243,   1.2955,   2.9623,   3.1772,   0.2608
199504,   1.0824,   2.8031,   3.3218,   2.3436,   2.8189,   3.5196
199505,   0.8409,   1.5866,   2.9550,   3.2689,   4.0276,   5.7376
199506,   7.7813,   4.5341,   4.3521,   3.4656,   1.8442,   1.8233
199507,   8.0404,   4.7905,   4.8239,   3.7632,   3.9320,   3.7455
199508,   2.0488,   2.6992,   3.9387,   0.0326,   0.8740,   3.7307
199509,   2.4192,   2.1131,   1.6687,   4.5060,   3.1103,   5.1737
199510,  -5.5169,  -5.2771,  -3.8152,   0.3310,  -1.2331,  -2.3730
199511,   3.7295,   3.3741,   3.7025,   4.2415,   4.5532,   5.2829
199512,   2.2051,   2.1904,   2.2547,   0.8634,   2.4287,   1.2528
199601,   0.0325,   0.3393,   0.6887,   3.1042,   2.9451,   3.2120
199602,   4.8418,   2.3586,   2.7796,   1.6586,   1.3955,   1.5535
199603,   2.4736,   2.6032,   2.6298,   0.3329,   2.0041,   0.8853
199604,   8.5392,   5.1675,   4.6315,   2.5169,   1.7542,  -1.6187
199605,   6.0161,   4.6673,   5.3554,   3.3798,   0.7688,   2.3760
199606,  -6.3904,  -2.9786,  -2.3838,   0.1410,  -0.6900,   0.8304
199607, -13.7771,  -6.8259,  -5.4644,  -5.6703,  -3.7797,  -3.6952
199608,   7.0424,   4.9914,   4.4876,   2.1368,   3.8503,   3.2033
199609,   5.3067,   2.4659,   3.2759,   6.6623,   4.0671,   3.2607
199610,  -5.2621,  -0.2902,   0.9932,   0.6781,   3.7890,   4.3024
199611,   1.7531,   4.4777,   3.9288,   7.1535,   7.3238,   7.7482
199612,   0.5392,   2.5949,   2.2704,  -1.7155,  -1.5427,  -0.8256
199701,   4.1649,   3.2190,   2.9067,   6.5068,   4.7004,   4.9195
199702,  -6.4196,  -0.7155,   1.2125,   0.0212,  -0.0144,   3.7380
199703,  -8.4408,  -3.8650,  -1.8060,  -5.3569,  -2.4748,  -5.2102
199704,  -3.2057,   0.6159,  -0.4489,   6.4759,   3.9495,   3.8550
199705,  15.5570,  10.2569,   8.4213,   6.9398,   5.9044,   5.8204
199706,   3.2911,   5.6404,   6.9037,   4.3459,   3.9275,   3.8965
199707,   5.0367,   5.2140,   5.5703,   7.7392,   8.5850,   7.7277
199708,   3.9071,   3.3966,   3.0223,  -5.5037,  -3.7395,  -2.2565
199709,   8.7165,   7.8769,   8.2867,   5.0326,   6.0494,   6.2052
199710,  -6.4669,  -3.5409,  -2.0165,  -3.2725,  -3.3650,  -3.1766
199711,  -3.4160,  -1.0360,   0.5167,   5.1146,   2.7105,   3.5621
199712,  -2.2663,   0.7737,   2.3342,   1.2184,   2.7801,   4.3036
199801,  -0.6753,  -1.2244,  -1.0299,   2.5491,  -1.9299,  -0.3543
199802,   8.5571,   7.3417,   7.0923,   7.0242,   8.2254,   6.7943
199803,   4.1731,   4.9101,   4.6827,   4.9016,   5.1173,   7.1641
199804,   0.6920,   1.4324,   2.1415,   0.8618,   1.8983,   1.2991
199805,  -7.3953,  -5.1838,  -2.4278,  -2.1842,  -2.3898,  -0.3432
199806,   0.6167,  -0.4395,  -0.1616,   5.5655,   1.6572,   2.4064
199807,  -7.7919,  -7.2988,  -7.4253,  -0.8400,  -2.1666,  -4.7627
199808, -24.3741, -18.2951, -18.8106, -13.6291, -18.6322, -12.1245
199809,   9.1005,   5.1772,   3.6424,   7.8651,   3.2743,   6.4886
199810,   4.4161,   3.7819,   3.3328,   7.9721,   8.3229,   4.5867
199811,   9.0066,   5.9552,   5.4904,   7.0561,   5.6614,   4.0667
199812,   6.7069,   3.5481,   2.8020,   8.2786,   2.4758,   3.8120
199901,   3.7326,   2.1106,   1.0679,   4.9923,   1.1859,  -1.5510
199902,  -8.8767,  -7.3703,  -8.4237,  -4.4395,  -0.9040,  -1.0443
199903,  -0.1892,   0.9579,  -2.7853,   3.9834,   4.2758,   1.1068
199904,   9.0446,  10.7078,   9.1712,   2.2638,   7.8684,   7.0474
199905,   1.8174,   1.0378,   3.7551,  -2.4989,  -1.1640,   0.2561
199906,   6.6420,   5.8183,   6.4515,   6.5464,   2.7282,   0.3594
199907,  -1.1245,  -0.5169,  -1.1700,  -2.9887,  -3.7973,  -3.8208
199908,  -2.7694,  -3.0498,  -3.4268,   0.0456,  -3.4353,  -3.0357
199909,   0.6348,  -0.1897,  -2.8843,  -1.7866,  -5.6162,  -5.2602
199910,   0.9641,  -0.4475,  -2.7004,   6.6470,   7.5254,   3.5624
199911,  13.3328,   6.4205,   4.3349,   4.1944,  -2.6936,   0.9766
199912,  18.2951,   9.0252,   6.6659,   8.3424,   1.2492,   3.3242
200001,   1.2533,  -0.9354,   0.3625,  -4.8391,  -4.0904,  -7.7629
200002,  28.2901,  15.6498,  13.1301,   1.2418,  -5.4572,  -2.9891
200003, -13.5698,  -4.8054,  -1.2043,   8.6671,  10.7953,  12.6437
200004, -14.6387,  -5.7927,  -4.3476,  -4.2256,  -0.5153,  -0.0027
200005,  -7.5914,  -5.3605,  -4.9489,  -3.4721,   0.3541,   3.4989
200006,  17.7998,   9.2663,   8.5776,   4.7732,  -4.8059,  -2.8696
200007,  -7.1223,   1.3482,   1.8849,  -3.0452,   3.7998,   4.5455
200008,   8.7780,   5.1353,   6.6710,   7.5806,   7.9300,   6.9300
200009,  -7.2697,  -0.5730,  -0.4569,  -5.9659,   1.5545,   1.5671
200010,  -8.3765,  -1.3294,  -1.5683,  -2.0153,  -0.2313,   2.5737
200011, -16.5793,  -4.3038,  -2.9313, -10.5537,  -3.4093,   0.4395
200012,   2.7867,   8.7299,   8.6265,  -0.1828,   8.9452,   9.2058
200101,  12.6517,   5.0389,   6.8630,   3.4848,   1.8940,  -0.9000
200102, -12.4203,  -0.6751,   0.0022, -11.2013,  -0.8604,   1.3265
200103,  -7.6321,  -0.8824,  -1.5864,  -8.0352,  -1.5624,  -1.2367
200104,  10.1940,   5.0033,   5.0816,   8.9573,   4.9486,   4.7177
200105,   3.8330,   4.6138,   6.3100,   0.4381,   2.1237,   4.7252
200106,   6.3071,   4.6371,   3.1503,  -2.2317,  -1.0819,  -1.3252
200107,  -9.3409,  -4.5299,  -1.0905,  -1.7118,  -1.1436,   0.4601
200108,  -7.4621,  -2.6798,  -1.4845,  -6.9023,  -3.8984,  -8.2732
200109, -17.0250, -13.4339, -14.1516,  -8.1659,  -9.6087,  -8.1314
200110,  11.1364,   5.4265,   4.4853,   3.3534,   0.5583,  -5.3216
200111,   9.0227,   7.3094,   9.0742,   7.8875,   6.6540,  12.2742
200112,   6.6879,   6.8199,   6.6876,   0.6646,   2.9847,   2.3635
200201,  -5.1955,   0.3734,   3.3022,  -0.9182,  -1.6239,  -2.5436
200202,  -8.1235,  -1.2577,  -1.0153,  -2.3962,   0.1967,  -5.1829
200203,   8.8718,   7.6614,   9.9095,   3.5933,   5.5297,   4.6840
200204,  -3.9996,   2.3893,   4.2289,  -7.1199,  -0.5419,  -7.5924
200205,  -6.7218,  -3.6309,  -2.6489,  -1.3862,   0.4151,  -2.3928
200206,  -7.1095,  -3.2247,  -2.3940,  -7.4377,  -5.9293, -12.2215
200207, -14.9349, -14.5371, -15.3107,  -6.4478,  -8.7317, -13.7713
200208,  -0.4394,   0.3783,  -0.4339,  -0.1006,   1.7138,   6.4683
200209,  -8.3738,  -7.4921,  -7.1019, -10.8017, -10.2357,  -9.1350
200210,   6.6752,   4.6300,   0.5649,   9.7548,   4.3438,   7.9856
200211,  13.2180,   8.3005,   7.7334,   5.3780,   5.8461,   8.4496
200212,  -8.6810,  -4.6337,  -3.5705,  -6.1715,  -3.9938,  -6.9949
200301,  -2.3297,  -2.6034,  -1.2317,  -2.8369,  -1.8127,  -5.5572
200302,  -3.9066,  -1.9031,  -3.7217,  -1.4217,  -2.3934,  -4.3684
200303,   1.7983,   0.5505,   1.1188,   1.5895,   0.3344,  -1.5555
200304,  11.1023,   9.3698,   9.6066,   7.7629,   8.7516,  11.5916
200305,  13.1985,  10.8523,  10.8790,   5.0071,   7.3773,   8.3270
200306,   2.4772,   2.3886,   3.6071,   1.3366,   1.3129,   0.5109
200307,   8.2109,   5.6878,   6.6437,   1.7724,   2.7525,   0.8599
200308,   4.8932,   4.5309,   6.0561,   2.1201,   1.5654,   4.0295
200309,  -1.6449,  -1.9102,   0.9220,  -1.1311,  -0.5218,  -3.3924
200310,   8.4009,   8.0205,  10.7909,   5.2067,   7.1717,   6.7510
200311,   2.9641,   3.6610,   4.6760,   0.8079,   1.6078,   2.6610
200312,   1.0619,   2.5792,   3.1070,   4.6108,   4.3907,   5.7836
200401,   3.8987,   3.4793,   7.2328,   1.4442,   2.4336,   3.0770
200402,   0.3730,   0.9521,   0.2898,   1.0817,   2.2999,   2.9757
200403,   1.2880,   0.4204,   0.4087,  -1.8661,  -0.7461,  -0.4333
200404,  -3.3108,  -3.2731,  -6.0914,  -0.2351,  -3.7625,  -3.6398
200405,   1.0150,   1.2810,   0.7002,   1.2517,   1.2698,   1.0769
200406,   3.1105,   5.0647,   4.3401,   1.5130,   1.5590,   2.6548
200407,  -9.4743,  -5.6173,  -5.2013,  -4.3756,  -2.3170,  -2.1818
200408,  -2.2544,  -0.2855,  -0.6391,  -0.2820,   1.4836,   0.1024
200409,   5.5364,   5.1966,   3.6371,   0.8519,   1.7287,   2.7342
200410,   2.7874,   1.6822,   1.2476,   1.5958,   0.9939,   2.6893
200411,   8.4994,   8.6832,   8.7784,   3.7051,   4.7825,   6.2587
200412,   4.4114,   2.5587,   3.7097,   3.5207,   3.4817,   3.7746
200501,  -5.3876,  -3.2922,  -2.6630,  -3.0957,  -1.3806,  -1.7037
200502,   0.7755,   2.0313,   2.8040,   2.1229,   2.0273,   3.1604
200503,  -4.1574,  -2.4550,  -1.4772,  -1.2856,  -2.7057,   0.1157
200504,  -6.3408,  -6.0303,  -5.7186,  -1.7369,  -2.3195,  -2.2342
200505,   7.5017,   6.3547,   5.7183,   3.6683,   3.0790,   4.1685
200506,   2.8010,   4.0838,   4.7555,  -0.7926,   1.7881,   2.8856
200507,   6.9679,   6.9463,   5.9866,   4.5699,   2.6374,   3.9961
200508,  -2.2603,  -1.1745,  -1.2413,  -1.2405,  -0.8856,   0.3806
200509,   0.3776,   0.9027,   0.2636,   0.3871,   1.1889,   1.9333
200510,  -3.9736,  -2.6603,  -2.2453,  -1.2382,  -1.7791,  -2.1076
200511,   5.1407,   4.6336,   4.0296,   4.1346,   3.7700,   2.8948
200512,   0.0864,  -0.3908,  -0.3230,  -0.7290,   1.2761,   0.0853
200601,   8.5854,   9.2919,   8.1654,   1.8137,   3.6573,   4.3913
200602,  -0.5410,  -0.1086,  -0.5208,  -0.0917,   0.8676,  -0.8040
200603,   4.0651,   5.2535,   5.3598,   1.6908,   1.0619,   1.5704
200604,  -0.5620,   1.0125,   0.8286,   0.0059,   2.2492,   3.2858
200605,  -7.6621,  -4.7808,  -4.0432,  -2.9029,  -3.0052,  -1.6874
200606,  -0.7121,   0.4333,   0.0187,  -0.1141,   0.1660,   0.8541
200607,  -5.9109,  -2.8170,  -2.1527,  -0.7869,   1.1701,   0.6862
200608,   3.4979,   2.5396,   2.5223,   3.3106,   1.9982,   0.1641
200609,   0.8238,   0.8357,   1.3171,   2.5161,   2.3538,   2.1895
200610,   6.1736,   5.2004,   4.5665,   3.3829,   2.9276,   4.3813
200611,   2.5760,   2.7786,   2.7404,   1.8462,   2.1992,   1.9554
200612,  -0.6019,   0.6826,   2.0235,   0.3481,   2.0059,   3.1865
200701,   2.5687,   0.8502,   1.9196,   1.9159,   1.8344,   1.1933
200702,  -0.1290,  -0.0686,  -1.0489,  -1.9498,  -1.5525,  -1.2836
200703,   1.7580,   1.3194,   0.3487,   0.8422,   1.7789,   0.3330
200704,   2.8368,   2.0625,   0.9535,   4.8417,   3.6568,   3.7988
200705,   4.5039,   3.6848,   3.1037,   3.2198,   4.0191,   3.3277
200706,  -0.5481,  -1.1976,  -1.6191,  -1.1139,  -2.3413,  -2.1834
200707,  -4.7974,  -5.7884,  -8.2207,  -1.4022,  -4.1777,  -5.4141
200708,   1.4949,   2.4086,  -0.6619,   1.5856,   2.0066,   0.0271
200709,   2.6164,   0.9244,   0.0934,   4.9638,   2.2985,   3.0316
200710,   3.7324,   1.7244,   0.1482,   3.1527,   1.4203,   0.6368
200711,  -7.4996,  -6.6168,  -7.9013,  -3.1057,  -5.5464,  -4.5989
200712,   0.1423,  -0.6225,  -0.9297,  -0.4386,  -0.8883,  -0.4388
200801,  -8.5900,  -6.4944,  -3.9366,  -7.1977,  -4.8299,  -3.8873
200802,  -4.6674,  -2.8373,  -3.9608,  -2.1100,  -3.5707,  -4.4916
200803,  -2.1188,   1.1733,   0.1903,   0.6612,  -2.5090,  -1.0498
200804,   4.9397,   3.4384,   1.5267,   3.7378,   6.0470,   5.0753
200805,   5.6375,   5.3912,   3.0015,   2.3412,   0.6904,   1.9916
200806,  -7.3728,  -7.3823,  -8.8965,  -7.0126,  -9.4254, -10.8237
200807,   2.2876,   2.9111,   5.2999,  -1.0718,  -2.9991,   6.7510
200808,   3.1047,   3.8853,   7.0479,   1.4721,   1.0545,   0.7139
200809, -11.0960,  -7.2829,  -6.9905,  -9.7863,  -9.8463,  -2.0570
200810, -22.1126, -19.3548, -20.5932, -15.4926, -17.1430, -21.6172
200811, -11.7044, -11.2419, -14.3367,  -6.2078,  -6.3444, -16.1953
200812,   4.9088,   4.3191,   5.3899,   1.6985,   1.0346,   1.5085
200901,  -7.8913, -10.1102, -16.0718,  -5.3381,  -9.2189, -19.7425
200902,  -9.8277, -11.4055, -15.0774,  -7.9455, -11.9113, -16.6032
200903,   9.1856,  10.3210,  11.0487,   8.3153,   8.7151,  13.4126
200904,  16.4844,  16.6524,  18.3040,   7.9476,  10.4615,  16.8494
200905,   3.8848,   3.1539,   2.4796,   4.5235,   6.0893,   6.4772
200906,   5.4172,   1.7451,   0.7106,   0.8698,  -1.0007,   0.1140
200907,   6.9131,  10.3276,  13.3715,   6.7704,   8.2384,   9.9829
200908,   1.0155,   3.0144,   8.1775,   1.7037,   3.9404,   9.8001
200909,   6.3176,   5.8375,   7.5882,   3.4610,   4.7055,   4.2793
200910,  -6.9838,  -6.3198,  -9.3918,  -0.4502,  -2.7689,  -6.4484
200911,   2.0214,   1.9394,   4.1189,   6.6358,   4.7671,   3.8618
200912,   8.4759,   8.0740,   8.3680,   1.9458,   3.1202,   1.7169
201001,  -3.7834,  -3.0201,  -2.6952,  -4.2153,  -2.0265,  -4.4504
201002,   3.3733,   4.1291,   7.4667,   3.0576,   2.9082,   5.4191
201003,   7.0160,   8.1488,   8.9514,   5.2333,   6.7363,   7.7161
201004,   3.9334,   6.2370,   9.2912,   0.8479,   2.7427,   1.2645
201005,  -5.9602,  -7.1246, -10.3776,  -7.3781,  -8.5019,  -7.8501
201006,  -5.7705,  -7.5702, -10.8899,  -4.4243,  -5.6504,  -8.7076
201007,   6.8294,   6.6916,   7.2318,   6.7418,   7.6803,   5.6834
201008,  -7.1254,  -7.6703,  -8.6118,  -4.0632,  -3.9597,  -6.4365
201009,  14.0873,  12.7730,  10.9568,  10.0755,   8.9842,   6.8510
201010,   4.6214,   4.2298,   3.6404,   4.5444,   3.8611,   0.5078
201011,   3.6315,   4.1091,   3.3312,   0.5094,   0.3779,  -1.0253
201012,   7.1888,   8.3262,   9.4636,   4.9391,   7.7950,  10.1774
201101,  -0.3266,   0.0659,   0.3442,   2.0293,   2.5443,   2.8643
201102,   5.1049,   5.3273,   5.6043,   2.5012,   4.4024,   4.5472
201103,   3.3980,   2.8287,   1.4611,   0.1939,   1.3976,  -1.5739
201104,   3.4232,   2.1076,   1.0561,   3.7506,   2.7078,   1.1332
201105,  -1.6259,  -2.1295,  -3.1974,  -0.5623,  -1.3945,  -3.0000
201106,  -1.8607,  -2.1286,  -1.8913,  -1.4636,  -1.7685,  -2.2103
201107,  -4.5439,  -3.9686,  -3.0352,  -0.7450,  -2.9443,  -4.0590
201108,  -9.3769,  -8.8784,  -9.7399,  -4.0004,  -6.4878,  -8.3585
201109, -11.1092, -11.4956, -10.8019,  -6.3886,  -6.9662, -10.1269
201110,  15.6782,  15.5059,  13.1351,   9.8376,  12.0524,  12.5813
201111,  -1.8363,  -0.2643,  -0.1686,  -0.0591,   0.9022,  -2.6363
201112,  -0.5702,   0.7812,   1.1746,  -0.1338,   1.9194,   1.3800
201201,   8.2691,   6.8063,   5.8503,   5.4924,   3.3587,   5.9724
201202,   3.4368,   2.3748,   2.9373,   4.6222,   3.6923,   5.9852
201203,   2.4245,   2.8281,   3.0831,   3.6983,   1.2495,   5.3242
201204,  -1.4451,  -2.0557,  -0.9131,  -0.4666,  -0.1512,  -2.5525
201205,  -6.5422,  -6.3568,  -6.2397,  -5.4862,  -5.9420,  -7.9175
201206,   5.7104,   4.2133,   4.7887,   2.9347,   4.6708,   5.0942
201207,  -3.3857,  -0.9184,  -1.7068,   1.2935,   1.4434,  -0.4303
201208,   3.2884,   3.1597,   3.7404,   2.3725,   1.8713,   4.5117
201209,   3.2688,   3.5202,   4.1139,   1.9087,   3.2017,   4.2734
201210,  -4.0430,  -1.3616,  -0.8733,  -2.4805,  -1.8315,   1.5199
201211,   1.0919,   1.0501,   0.8674,   1.1244,   0.3005,  -0.3317
201212,   2.6308,   3.5231,   4.4199,  -0.1907,   1.2208,   5.0406
201301,   6.8825,   6.3328,   5.8106,   4.4787,   6.0958,   7.4690
201302,   1.0361,   0.8297,   1.3242,   1.3647,   1.3768,   1.3000
201303,   5.1794,   4.5564,   4.5439,   3.7607,   4.0516,   4.0252
201304,  -0.7799,  -0.8551,  -0.1701,   1.8584,   1.2847,   2.1417
201305,   5.0181,   5.3979,   5.1990,   1.9508,   1.4377,   7.0326
201306,  -0.2285,   0.3472,  -0.1188,  -1.7702,  -0.3864,  -1.8251
201307,   7.3782,   7.1271,   7.8817,   5.6309,   4.8920,   6.2744
201308,  -1.0564,  -3.5183,  -3.8395,  -1.7433,  -3.1653,  -4.3434
201309,   6.3864,   6.3646,   5.6102,   4.0527,   3.1904,   2.3976
201310,   1.0547,   3.0312,   3.9460,   4.1757,   4.7556,   3.7778
201311,   5.2456,   3.9094,   4.5237,   3.2912,   1.8741,   4.6570
201312,   1.8902,   2.7971,   1.8888,   2.1376,   3.7106,   2.0897
201401,  -0.0994,  -4.1130,  -3.6886,  -3.3492,  -3.3583,  -3.8951
201402,   4.0182,   4.8129,   5.1966,   5.0204,   4.6768,   3.2149
201403,  -3.4319,   1.1643,   1.3785,  -0.5888,   0.7922,   4.4634
201404,  -6.3720,  -3.1101,  -2.7400,   0.3706,   0.9417,  -0.9228
201405,  -0.6874,   0.8640,   0.0861,   2.4590,   2.0113,   1.4194
201406,   7.1983,   5.0634,   4.4407,   1.6430,   2.8017,   3.0089
201407,  -6.3824,  -6.3393,  -5.4594,  -1.4006,  -1.6522,  -2.2657
201408,   5.0712,   4.0535,   4.5295,   4.7978,   3.2260,   4.4380
201409,  -4.7302,  -5.3059,  -6.4390,  -0.9312,  -2.4773,  -1.9052
201410,   7.5086,   5.7874,   5.2151,   2.8233,   1.5928,   1.4990
201411,   1.7865,  -0.2507,  -1.0665,   3.7087,   2.5528,   0.3802
201412,   2.0778,   2.8769,   3.2662,  -1.3474,   0.1043,   2.0002
201501,  -2.8575,  -4.8679,  -5.1879,  -1.5607,  -3.2987,  -6.3993
201502,   7.6759,   6.9540,   5.0056,   6.4876,   5.8840,   5.4379
201503,   2.0451,   1.8063,   1.1345,  -1.3767,  -1.5381,  -1.2115
201504,  -3.2024,  -2.0456,  -0.7281,   0.3415,   1.2764,   1.5106
201505,   2.8938,   2.6779,   0.8810,   1.2186,   1.5029,   0.9607
201506,   2.7223,   0.3058,   0.6035,  -1.8323,  -1.9434,  -1.2916
201507,  -0.2299,  -2.4283,  -5.6037,   2.9657,   1.2570,   0.0800
201508,  -9.3032,  -4.7311,  -3.3404,  -6.1721,  -5.6180,  -6.5880
201509,  -7.8251,  -4.6470,  -4.7172,  -2.2242,  -2.8566,  -4.2145
201510,   5.0061,   6.5492,   5.7017,   8.0276,   8.4164,   6.4103
201511,   5.6571,   3.3696,   3.6571,   0.5054,  -0.2685,   1.6709
201512,  -3.8734,  -4.9166,  -6.8243,  -1.3060,  -2.2722,  -3.5730
201601, -14.1147,  -7.7170,  -6.9269,  -5.1637,  -5.1326,  -8.1763
201602,  -0.7099,   0.9076,   0.3780,   0.0215,   0.6254,  -2.2142
201603,   7.7058,   7.8739,   8.4662,   6.5760,   6.7935,   8.2047
201604,   2.6434,   1.1260,   3.8478,  -0.6295,   1.2854,   4.7317
201605,   2.3290,   1.2526,   0.5247,   2.1877,   1.7826,   0.6654
201606,   0.2961,  -0.4409,  -0.0412,   0.0131,   0.5954,  -2.6015
201607,   7.0391,   5.6137,   5.7153,   4.9023,   2.2609,   3.6762
201608,   1.3009,   2.6664,   3.2557,  -0.4306,   0.2555,   3.8652
201609,   3.2742,   1.3336,   1.6936,   0.4419,  -0.0837,  -0.4406
201610,  -8.1473,  -5.1703,  -3.0275,  -2.0245,  -2.1595,   1.0938
201611,   9.1400,  12.5122,  14.9672,   1.9783,   5.0778,  12.5388
201612,  -0.4427,   2.8914,   4.4727,   1.2816,   1.9229,   3.4784
201701,   1.9775,  -0.1546,  -0.6932,   3.2527,   0.9008,   0.4064
201702,   3.3431,   1.1564,   0.2994,   4.3066,   2.5651,   3.9975
201703,   2.3122,   0.0605,  -0.6853,   1.0477,  -0.1831,  -2.5873
201704,   1.9398,   1.4314,   0.6322,   1.9931,   0.7371,  -0.8974
201705,  -0.8419,  -1.5954,  -3.8303,   2.9187,   0.0143,  -1.6445
201706,   4.8044,   3.1322,   3.4205,  -0.1401,   0.5959,   4.2068
201707,   0.7577,   0.5132,   0.6072,   2.4747,   1.6613,   2.1367
201708,  -0.6132,  -2.0194,  -2.3486,   1.2816,  -0.0980,  -1.1635
201709,   5.4339,   8.3543,   8.3051,   1.3508,   2.6558,   4.7097
201710,   0.3608,   0.3184,   1.0425,   3.1204,   1.5411,   2.8620
201711,   2.7002,   2.7185,   2.6493,   3.3219,   3.2708,   3.2153
201712,   0.8682,  -0.7753,  -0.0001,   0.9774,   1.1333,   1.9459
201801,   3.1384,   2.9881,   1.7407,   6.4964,   5.6040,   5.2253
201802,  -3.0809,  -3.7935,  -3.7672,  -2.5676,  -4.7557,  -4.0181
201803,   1.3872,   0.9850,   1.8903,  -2.3567,  -2.2147,  -3.3156
201804,   1.2051,   1.0858,   2.3991,   0.6215,   0.1515,   0.5007
201805,   8.0065,   7.5054,   5.7476,   3.8065,   1.9647,  -0.2962
201806,   2.8798,   0.2352,   0.6163,   1.0986,   0.4800,  -1.2985
201807,   1.3903,   2.1966,   1.0625,   3.3445,   3.3605,   4.6186
201808,   5.7191,   3.3375,   2.2655,   5.3229,   1.8207,   0.8061
201809,  -1.7772,  -2.7458,  -2.8210,   0.6155,   0.6024,  -1.7224
201810, -13.3376, -11.4015,  -9.1620,  -8.2352,  -5.8399,  -5.5280
201811,   1.0608,   2.1337,   0.8119,   1.4647,   2.3382,   2.2556
201812, -12.1036, -11.8960, -12.6516,  -8.4193,  -9.5160, -11.5847
201901,  12.8762,  10.4130,  11.0564,   8.2064,   8.3082,   9.1348
201902,   6.4420,   5.0384,   3.6170,   3.7318,   4.0277,   1.2013
201903,  -0.6760,  -2.8697,  -4.2024,   2.7699,   0.4652,  -1.8982
201904,   2.3121,   4.0116,   3.2688,   4.0073,   3.4865,   7.3301
201905,  -7.1265,  -8.2147,  -9.8773,  -6.3698,  -6.6395,  -8.2928
201906,   8.2547,   7.6755,   6.4434,   7.0754,   7.0194,   7.4528
201907,  -0.7960,   0.7015,  -0.6280,   1.8103,   0.6802,   2.5903
201908,  -4.1949,  -5.8924,  -8.0299,  -1.0204,  -3.2932,  -6.7150
201909,  -2.4831,   3.9674,   5.5218,   0.3214,   3.7964,   5.7986
201910,   4.4604,   2.5526,   0.6555,   2.6102,   1.6146,   2.5743
201911,   6.1059,   3.2902,   3.5359,   4.3949,   3.2360,   2.9523
201912,   2.7510,   4.3714,   4.7673,   2.7570,   2.6762,   4.2678
202001,  -1.8550,  -4.1778,  -8.1652,   1.6837,  -2.1407,  -4.4396
202002,  -6.1651,  -8.6658,  -9.9634,  -7.0477, -10.1199, -10.8378
202003, -18.6086, -21.4683, -28.3132,  -8.9985, -17.5181, -27.2392
202004,  18.2919,  13.0195,  15.7753,  14.3817,  10.8175,  14.4312
202005,  11.2778,   4.8032,   4.2546,   6.0580,   3.5335,   3.3084
202006,   5.4381,   2.4715,   3.5507,   3.5334,  -1.2477,   1.0735
202007,   1.8084,   2.8283,   2.6718,   7.2792,   3.3404,   3.6557
202008,   7.1561,   4.6121,   5.3739,   9.4550,   3.0186,   5.3281
202009,  -0.5584,  -4.5018,  -5.7929,  -4.1584,  -2.5404,  -4.2792
202010,   0.7064,   2.5251,   6.1933,  -2.8658,  -0.8523,   0.0648
202011,  23.1028,  17.7379,  19.6486,  10.4754,  14.3529,  18.2128
202012,  12.7215,   8.0678,   8.3923,   4.4536,   4.3087,   5.7596
202101,   5.9097,   5.1061,  10.5414,  -0.5990,  -0.5436,   0.6935
202102,   5.8335,   9.4319,   9.3747,   0.3551,   6.9351,  11.1704
202103,  -2.7087,   3.0419,   7.1686,   2.3155,   5.0548,   7.2300
202104,   2.5515,   1.4992,   1.2614,   6.0813,   3.3308,   5.4840
202105,  -1.6484,   1.3979,   6.0328,  -0.9991,   2.0545,   5.4886
202106,   5.5140,   0.4771,  -1.3264,   4.8122,  -1.2426,  -3.9974
202107,  -5.5950,  -1.8802,  -3.7070,   3.1115,  -0.0090,  -2.3000
202108,   2.5133,   1.4673,   2.7377,   3.5724,   1.3992,   3.0371
202109,  -4.4700,  -3.4349,   0.5019,  -5.4492,  -3.8629,  -0.2526
202110,   2.9488,   3.7911,   3.7705,   8.0178,   3.3085,   6.2388
202111,  -7.0228,  -1.3018,  -3.8017,  -0.3209,  -3.4157,  -4.4293
202112,  -0.0633,   4.1978,   4.4049,   2.5983,   6.2435,   4.6821
202201, -13.3312,  -9.0569,  -1.0018,  -7.9554,  -2.8507,   5.2226
202202,   0.0517,   1.2208,   2.2370,  -3.5601,   0.0278,   0.3395
202203,   1.7806,   1.0372,   0.5629,   4.3278,   1.9104,   1.9377
202204, -13.5805,  -8.5466,  -5.5740, -10.5954,  -6.6579,  -6.2179
202205,  -4.4206,   1.6393,   4.1352,  -2.6261,   3.8821,   5.6393
202206,  -4.3163,  -6.6654, -11.2053,  -7.2567,  -8.9137, -12.2993
202207,  13.4602,  10.7984,   8.7106,  11.4389,   5.1164,   7.9956
202208,   0.2912,  -2.2551,  -2.2318,  -4.7173,  -2.0541,  -1.5841
202209,  -9.3347, -10.0799,  -9.7917,  -9.1575,  -9.0156,  -8.5906
